{
  "hash": "c22c4e8e",
  "configHash": "c84d6b02",
  "lockfileHash": "bc5c4aeb",
  "browserHash": "ede009c2",
  "optimized": {
    "@angular/core": {
      "src": "../../../../../node_modules/@angular/core/fesm2022/core.mjs",
      "file": "@angular_core.js",
      "fileHash": "9bfc32a0",
      "needsInterop": false
    },
    "@angular/platform-browser": {
      "src": "../../../../../node_modules/@angular/platform-browser/fesm2022/platform-browser.mjs",
      "file": "@angular_platform-browser.js",
      "fileHash": "8ad3ac2c",
      "needsInterop": false
    },
    "@angular/platform-browser/animations/async": {
      "src": "../../../../../node_modules/@angular/platform-browser/fesm2022/animations/async.mjs",
      "file": "@angular_platform-browser_animations_async.js",
      "fileHash": "9158b3c0",
      "needsInterop": false
    },
    "@angular/router": {
      "src": "../../../../../node_modules/@angular/router/fesm2022/router.mjs",
      "file": "@angular_router.js",
      "fileHash": "2dbc13a7",
      "needsInterop": false
    },
    "@angular/common": {
      "src": "../../../../../node_modules/@angular/common/fesm2022/common.mjs",
      "file": "@angular_common.js",
      "fileHash": "1100baff",
      "needsInterop": false
    },
    "jquery": {
      "src": "../../../../../node_modules/jquery/dist/jquery.js",
      "file": "jquery.js",
      "fileHash": "ce888aa0",
      "needsInterop": true
    },
    "@angular/cdk/a11y": {
      "src": "../../../../../node_modules/@angular/cdk/fesm2022/a11y.mjs",
      "file": "@angular_cdk_a11y.js",
      "fileHash": "78c0c633",
      "needsInterop": false
    },
    "@angular/material/sort": {
      "src": "../../../../../node_modules/@angular/material/fesm2022/sort.mjs",
      "file": "@angular_material_sort.js",
      "fileHash": "fb584e22",
      "needsInterop": false
    },
    "@angular/material/table": {
      "src": "../../../../../node_modules/@angular/material/fesm2022/table.mjs",
      "file": "@angular_material_table.js",
      "fileHash": "199bc2f8",
      "needsInterop": false
    },
    "@angular/material/select": {
      "src": "../../../../../node_modules/@angular/material/fesm2022/select.mjs",
      "file": "@angular_material_select.js",
      "fileHash": "eefe3406",
      "needsInterop": false
    },
    "@angular/material/input": {
      "src": "../../../../../node_modules/@angular/material/fesm2022/input.mjs",
      "file": "@angular_material_input.js",
      "fileHash": "c266e4b8",
      "needsInterop": false
    },
    "@angular/material/button": {
      "src": "../../../../../node_modules/@angular/material/fesm2022/button.mjs",
      "file": "@angular_material_button.js",
      "fileHash": "f165eebb",
      "needsInterop": false
    },
    "@angular/material/paginator": {
      "src": "../../../../../node_modules/@angular/material/fesm2022/paginator.mjs",
      "file": "@angular_material_paginator.js",
      "fileHash": "66817cdf",
      "needsInterop": false
    },
    "@angular/material/core": {
      "src": "../../../../../node_modules/@angular/material/fesm2022/core.mjs",
      "file": "@angular_material_core.js",
      "fileHash": "efc5153d",
      "needsInterop": false
    }
  },
  "chunks": {
    "chunk-CNQMP5SS": {
      "file": "chunk-CNQMP5SS.js"
    },
    "chunk-GEYMS7H4": {
      "file": "chunk-GEYMS7H4.js"
    },
    "chunk-TNI2V6A5": {
      "file": "chunk-TNI2V6A5.js"
    },
    "browser-C66V3HNI": {
      "file": "browser-C66V3HNI.js"
    },
    "chunk-IFH4UQRP": {
      "file": "chunk-IFH4UQRP.js"
    },
    "chunk-5D3LS4SQ": {
      "file": "chunk-5D3LS4SQ.js"
    },
    "chunk-N6TL6EYT": {
      "file": "chunk-N6TL6EYT.js"
    },
    "chunk-AWA4GI64": {
      "file": "chunk-AWA4GI64.js"
    },
    "chunk-UVLT3QI4": {
      "file": "chunk-UVLT3QI4.js"
    },
    "chunk-26W75CWG": {
      "file": "chunk-26W75CWG.js"
    },
    "chunk-52U3U47R": {
      "file": "chunk-52U3U47R.js"
    },
    "chunk-WKYGNSYM": {
      "file": "chunk-WKYGNSYM.js"
    }
  }
}